{
    "loss": 1.0325196981430054,
    "accuracy": 0.8606557250022888
}